,Pearson相关系数,Spearman相关系数,平均相关系数
成绩排名差,0.2286285258020082,0.23263371510362224,0.23063112045281522
场均进球差,0.22702576785541786,0.23075348295676762,0.22888962540609276
比赛场次差,0.23809548323865817,0.20635616439257282,0.2222258238156155
参赛次数差,0.23169945269697328,0.1947954904580112,0.21324747157749224
场均净胜球差,0.2117620911119677,0.19925317726528713,0.2055076341886274
