,Pearson相关系数,Spearman相关系数,平均相关系数
成绩排名差,0.2271334311643531,0.23131285078432096,0.22922314097433705
场均进球差,0.22702576785541786,0.23075348295676762,0.22888962540609276
参赛次数差,0.23169945269697328,0.1947954904580112,0.21324747157749224
主队历史场均进球,0.1888773718879672,0.21763119278584128,0.20325428233690424
客队历史参赛次数,-0.3148731482475817,-0.28508770841264336,-0.2999804283301125
客队历史比赛场次,-0.3288560517254072,-0.29046089608260417,-0.3096584739040057
